iteration,compliance,volume
0,4.16646,0.250002
1,3.84449,0.249997
2,3.4008,0.250001
3,3.28033,0.249997
4,5.01232,0.249996
