{
  "case": "BRK-A-01",
  "resolution_mm": 3.0,
  "domain_shape": [
    40,
    20,
    26
  ],
  "volume_fraction_target": 0.25,
  "volume_fraction_final": 0.2500069935579095,
  "compliance_final": 0.1148639586225637,
  "iterations": 50,
  "converged": false,
  "elapsed_time_s": 2557.5595281124115
}